2,5,7,Solid A-Line Top,306,Women_1592029957848.jpg,https://res.cloudinary.com/drzudfgzl/image/upload/v1596103177/ht6phfaw8ja0sdcssdek.jpg,5
2,5,8,Polka Dot Print Wrap Top,168,Women_1592029959098.jpg,https://res.cloudinary.com/drzudfgzl/image/upload/v1596103178/xkc7a1twfcprovf6c9dv.jpg,3
2,5,9,Solid Shirt Style Top,221,Women_1592029960331.jpg,https://res.cloudinary.com/drzudfgzl/image/upload/v1596103179/agzqdkulerue8iq4roqr.jpg,4
2,5,7,Ruffled Shirt Style Top,166,Women_1592029961492.jpg,https://res.cloudinary.com/drzudfgzl/image/upload/v1596103180/qdl8hlpf9kv4pfyf6b92.jpg,3
2,5,10,Lace Top with Bell Sleeves,136,Women_1592029962638.jpg,https://res.cloudinary.com/drzudfgzl/image/upload/v1596103180/yc8ix7den6huuwpkjaec.jpg,3
2,5,2,Women Striped Top,474,Women_1592029963825.jpg,https://res.cloudinary.com/drzudfgzl/image/upload/v1596103181/gap2eummh2p3qpvlx0p7.jpg,6
2,5,11,Printed Top,339,Women_1592029965464.jpg,https://res.cloudinary.com/drzudfgzl/image/upload/v1596103182/axukva9sqn7x4l5t5uje.jpg,5
2,5,8,Top with Floral Embroidery,196,Women_1592029968128.jpg,https://res.cloudinary.com/drzudfgzl/image/upload/v1596103183/wxp2wwaqopyviljfxr6f.jpg,3
2,5,5,High-Low Top,376,Women_1592029969381.jpg,https://res.cloudinary.com/drzudfgzl/image/upload/v1596103184/dugfbuvnd3t7ccbumg5h.jpg,5
2,5,12,Women Sleeveless Blouse,177,Women_1592029970775.jpg,https://res.cloudinary.com/drzudfgzl/image/upload/v1596103185/eeitqy2mpmfeavavvq5b.jpg,3
2,5,8,Women Solid Shirt Style Top,144,Women_1592029972788.jpg,https://res.cloudinary.com/drzudfgzl/image/upload/v1596103186/psfrsofjuxzqendl6qkb.jpg,3
2,5,8,Solid Blouson Top,447,Women_1592029973962.jpg,https://res.cloudinary.com/drzudfgzl/image/upload/v1596103187/rxnfnueqhvnl1cjge8lp.jpg,6
2,5,13,Solid Top,177,Women_1592029975214.jpg,https://res.cloudinary.com/drzudfgzl/image/upload/v1596103188/vgxvmk0mjynxbdof8ds5.jpg,3
2,5,14,Printed Top,454,Women_1592029976442.jpg,https://res.cloudinary.com/drzudfgzl/image/upload/v1596103188/gr66bz3zr9lsbcwrzlks.jpg,6
2,5,5,Solid Top,218,Women_1592029978714.jpg,https://res.cloudinary.com/drzudfgzl/image/upload/v1596103189/pzkcvsnmfrhozid3razn.jpg,4
2,5,15,Solid Tank Top,354,Women_1592029979874.jpg,https://res.cloudinary.com/drzudfgzl/image/upload/v1596103190/f1zcezfsb9c8ofabilva.jpg,5
2,5,16,Floral Printed Top,179,Women_1592029981047.jpg,https://res.cloudinary.com/drzudfgzl/image/upload/v1596103191/ozvqjiiwmlkjrawmrb8d.jpg,3
2,5,17,Women Striped Top,497,Women_1592029982204.jpg,https://res.cloudinary.com/drzudfgzl/image/upload/v1596103192/txfbti1qrwliw7mgamae.jpg,6
2,5,18,Printed Fitted Top,451,Women_1592029983378.jpg,https://res.cloudinary.com/drzudfgzl/image/upload/v1596103193/rsifm9tcpuruyekdmgeb.jpg,6
2,5,2,Solid Top,399,Women_1592029984754.jpg,https://res.cloudinary.com/drzudfgzl/image/upload/v1596103194/ijv9tamigh5v8qtks3pn.jpg,5
2,5,11,Solid Fitted Top,419,Women_1592029986909.jpg,https://res.cloudinary.com/drzudfgzl/image/upload/v1596103195/tida6tgnn8fnqzpa3h5m.jpg,6
2,5,15,Solid Tank Top,292,Women_1592029988230.jpg,https://res.cloudinary.com/drzudfgzl/image/upload/v1596103198/amswurt0qkwtbfdt1ify.jpg,4
2,5,8,Solid Bardot Top,13,Women_1592029990314.jpg,https://res.cloudinary.com/drzudfgzl/image/upload/v1596103199/sfq99htnrf0o1ocflhnq.jpg,1
2,5,5,Solid Top,229,Women_1592029991426.jpg,https://res.cloudinary.com/drzudfgzl/image/upload/v1596103200/umydrqqsmfcnidz9phr1.jpg,4
2,5,16,Self Design Peplum Top,268,Women_1592029993305.jpg,https://res.cloudinary.com/drzudfgzl/image/upload/v1596103201/xpdrqw3zkc90jaopofcu.jpg,4
2,5,11,Lace Inserts Top,156,Women_1592029994944.jpg,https://res.cloudinary.com/drzudfgzl/image/upload/v1596103202/zvnrlc7dxf1xug2jgfxn.jpg,3
2,5,11,Women Polka Dot Bardot Top,112,Women_1592029996787.jpg,https://res.cloudinary.com/drzudfgzl/image/upload/v1596103203/z2qrtlnltoptp6ibf27b.jpg,3
2,5,16,Solid Top,193,Women_1592029998638.jpg,https://res.cloudinary.com/drzudfgzl/image/upload/v1596103204/jjzjdfa7nai81sfvjare.jpg,3
2,5,19,Women Printed Wrap Top,236,Women_1592030000291.jpg,https://res.cloudinary.com/drzudfgzl/image/upload/v1596103205/vyoug0omf6hatwxqriav.jpg,4
2,5,20,Self Design Top,489,Women_1592030002122.jpg,https://res.cloudinary.com/drzudfgzl/image/upload/v1596103206/sbdvmbw8qlikjmmjdxsd.jpg,6
2,5,21,Solid Top,423,Women_1592030004028.jpg,https://res.cloudinary.com/drzudfgzl/image/upload/v1596103207/xmn4shmkpx2t51ljeafh.jpg,6
2,5,2,Women Ribbed Top,462,Women_1592030006415.jpg,https://res.cloudinary.com/drzudfgzl/image/upload/v1596103207/zspwoxzohlaoasasapwe.jpg,6
2,5,8,Striped Top,195,Women_1592030008257.jpg,https://res.cloudinary.com/drzudfgzl/image/upload/v1596103208/rywkvzwemzby3zyc9g2h.jpg,3
2,5,12,Jersey Top,237,Women_1592030009368.jpg,https://res.cloudinary.com/drzudfgzl/image/upload/v1596103209/ehum9qzixeljlozll21d.jpg,4
2,5,5,Shirt Style Top,235,Women_1592030011200.jpg,https://res.cloudinary.com/drzudfgzl/image/upload/v1596103210/gmaayxqsxggvbwdyduy1.jpg,4
2,5,22,Embroidered Detail Top,34,Women_1592030013288.jpg,https://res.cloudinary.com/drzudfgzl/image/upload/v1596103211/ewpfaavpe1qquxf8wqyq.jpg,1
2,5,11,Solid Layered Top,36,Women_1592030015114.jpg,https://res.cloudinary.com/drzudfgzl/image/upload/v1596103212/mc5siradbe0m1jyc1nww.jpg,1
2,5,23,Solid Velvet Bardot Top,413,Women_1592030017104.jpg,https://res.cloudinary.com/drzudfgzl/image/upload/v1596103213/swsjpixmczhabl6werka.jpg,6
2,5,21,Solid Top,489,Women_1592030019005.jpg,https://res.cloudinary.com/drzudfgzl/image/upload/v1596103214/fsqzbiooco9triogxz9f.jpg,6
2,5,12,Women Sports Vest Top,408,Women_1592030020750.jpg,https://res.cloudinary.com/drzudfgzl/image/upload/v1596103215/zcuk06qnw5t7pgzkqtuk.jpg,6
2,5,14,Bohemian Print Top,242,Women_1592030022908.jpg,https://res.cloudinary.com/drzudfgzl/image/upload/v1596103216/yipqjr8eg0jggjlb3xqe.jpg,4
2,5,24,Printed Pleated A-Line Top,37,Women_1592030025069.jpg,https://res.cloudinary.com/drzudfgzl/image/upload/v1596103217/ocjpndlyhwxzgvpbimz1.jpg,1
2,5,2,Ribbed Fitted Top,201,Women_1592030026218.jpg,https://res.cloudinary.com/drzudfgzl/image/upload/v1596103218/hzdia036ppa1fp67dvar.jpg,4
2,5,8,Solid Bardot Top,160,Women_1592030028737.jpg,https://res.cloudinary.com/drzudfgzl/image/upload/v1596103218/tkbhpdelyyqzeuotkllu.jpg,3
2,5,13,Solid Top,150,Women_1592030030480.jpg,https://res.cloudinary.com/drzudfgzl/image/upload/v1596103219/amwdiiaqar0igorvtyzs.jpg,3
2,5,7,Semi-Sheer Printed Top,476,Women_1592030034163.jpg,https://res.cloudinary.com/drzudfgzl/image/upload/v1596103220/hc05pqc22itvykxemy0x.jpg,6
2,5,25,Striped Top,208,Women_1592030035924.jpg,https://res.cloudinary.com/drzudfgzl/image/upload/v1596103221/z4x5rogbb18qplgrxcfo.jpg,4
2,5,13,Printed A-Line Top,42,Women_1592030037119.jpg,https://res.cloudinary.com/drzudfgzl/image/upload/v1596103222/aqdqhijsjjfgk35qdyd4.jpg,1
2,5,25,Floral Print Top,196,Women_1592030038781.jpg,https://res.cloudinary.com/drzudfgzl/image/upload/v1596103223/kmw5knrlljy1trsaa4nt.jpg,3
2,2,26,Floral Print Maxi Shirt Dress,307,Women_1592030206634.jpg,https://res.cloudinary.com/drzudfgzl/image/upload/v1596103224/obp6nylqmybxrdn1cdsr.jpg,5
2,2,27,Women Printed Shirt Dress,313,Women_1592030207831.jpg,https://res.cloudinary.com/drzudfgzl/image/upload/v1596103225/pkdbfaynvk14tnpl2b8y.jpg,5
2,2,28,Gather Print Fit & Flare Dress,451,Women_1592030208947.jpg,https://res.cloudinary.com/drzudfgzl/image/upload/v1596103226/jdseb1u0zdcx5rlcohgf.jpg,6
2,2,8,Women Printed Maxi Dress,57,Women_1592030210045.jpg,https://res.cloudinary.com/drzudfgzl/image/upload/v1596103227/fwrcm6xz7zdhhxsu8kg9.jpg,2
2,2,29,Tropical Print Maxi Dress,197,Women_1592030211141.jpg,https://res.cloudinary.com/drzudfgzl/image/upload/v1596103228/sjok1b6zse3l4h0als5k.jpg,3
2,2,30,Embroidered Sheath Dress,34,Women_1592030212871.jpg,https://res.cloudinary.com/drzudfgzl/image/upload/v1596103229/ud8qfhlda9obn7wsjycv.jpg,1
2,2,13,Polka Dot Belted Shirt Dress,269,Women_1592030214040.jpg,https://res.cloudinary.com/drzudfgzl/image/upload/v1596103230/qoricfffrgozlwleh3uj.jpg,4
2,2,26,Women Printed Maxi Dress,473,Women_1592030215163.jpg,https://res.cloudinary.com/drzudfgzl/image/upload/v1596103232/pldeuyh6zhwnfde0su5i.jpg,6
2,2,11,Women Floral Maxi Dress,356,Women_1592030216287.jpg,https://res.cloudinary.com/drzudfgzl/image/upload/v1596103232/iavkgtjpw9ecspluc2wd.jpg,5
2,2,33,Girls Embroidered A-Line Dress,390,Women_1592030217385.jpg,https://res.cloudinary.com/drzudfgzl/image/upload/v1596103233/broamtszcwiyc3qbbuvy.jpg,5
2,2,27,Women Printed Maxi Dress,475,Women_1592030218535.jpg,https://res.cloudinary.com/drzudfgzl/image/upload/v1596103234/o3pnpredv8r4ry9kviob.jpg,6
2,2,7,Women Solid Maxi Dress,378,Women_1592030219672.jpg,https://res.cloudinary.com/drzudfgzl/image/upload/v1596103235/eyd2nmmlmseaw0hmvvzj.jpg,5
2,2,7,Accordion Pleats Empire Dress,349,Women_1592030220809.jpg,https://res.cloudinary.com/drzudfgzl/image/upload/v1596103236/ruzo0loaxtqkrtcyccpx.jpg,5
2,2,35,Bagru Hand Block Print Dress,137,Women_1592030221922.jpg,https://res.cloudinary.com/drzudfgzl/image/upload/v1596103237/pooatvkk5ipmzz1ws2je.jpg,3
2,2,7,Accordion Pleats A-Line Dress,463,Women_1592030223631.jpg,https://res.cloudinary.com/drzudfgzl/image/upload/v1596103238/sroyjhj0dpepwubiemo0.jpg,6
2,2,27,Women Printed Maxi Dress,389,Women_1592030224737.jpg,https://res.cloudinary.com/drzudfgzl/image/upload/v1596103239/moznrrvabk7tkksocwmk.jpg,5
2,2,27,Women Printed Fit and Flare Dress,189,Women_1592030226704.jpg,https://res.cloudinary.com/drzudfgzl/image/upload/v1596103240/eysezpsdr7yfqiibx8qx.jpg,3
2,2,13,Women Solid Shirt Dress,358,Women_1592030227809.jpg,https://res.cloudinary.com/drzudfgzl/image/upload/v1596103241/cbfmklpnpzcv9m2ktmqm.jpg,5
2,2,36,Women Block Print Maxi Dress,172,Women_1592030228933.jpg,https://res.cloudinary.com/drzudfgzl/image/upload/v1596103242/f8ahdponr8cfhkezi1ro.jpg,3
2,2,37,Women Colourblocked Sweater Dress,354,Women_1592030230047.jpg,https://res.cloudinary.com/drzudfgzl/image/upload/v1596103242/t2fvvhgwqbrnfuru1eej.jpg,5
2,2,11,Solid Sheath Dress,147,Women_1592030231730.jpg,https://res.cloudinary.com/drzudfgzl/image/upload/v1596103243/dedjhfn6cyf879qabbxg.jpg,3
2,2,38,Embellished Shirt Dress,413,Women_1592030232866.jpg,https://res.cloudinary.com/drzudfgzl/image/upload/v1596103244/a9sgznjaxcs8zg5cvvpl.jpg,6
2,2,7,Women Printed Fit and Flare Dress,335,Women_1592030234465.jpg,https://res.cloudinary.com/drzudfgzl/image/upload/v1596103245/rdstdpf8eduxp6lvyqpg.jpg,5
2,2,13,Boho Print Maxi Strappy Dress,106,Women_1592030235582.jpg,https://res.cloudinary.com/drzudfgzl/image/upload/v1596103246/em8vufdk1xv8fp09oojk.jpg,3
2,2,34,Printed A-Line Dress,37,Women_1592030236699.jpg,https://res.cloudinary.com/drzudfgzl/image/upload/v1596103247/nagcgwesmlsienvkambo.jpg,1
2,2,12,Women Denim Dungaree Dress,340,Women_1592030238406.jpg,https://res.cloudinary.com/drzudfgzl/image/upload/v1596103248/dvugzrqgnxurd9gbk9nv.jpg,5
2,2,40,Elasticated Waist Dress,376,Women_1592030239996.jpg,https://res.cloudinary.com/drzudfgzl/image/upload/v1596103249/v3trqiltydsbtqy7ixan.jpg,5
2,2,17,Lace Belted Tiered Midi Dress,356,Women_1592030241747.jpg,https://res.cloudinary.com/drzudfgzl/image/upload/v1596103250/mt7itqyazhnl5wyiimx8.jpg,5
2,2,12,Women Puff-Sleeved Dress,472,Women_1592030242862.jpg,https://res.cloudinary.com/drzudfgzl/image/upload/v1596103251/nuydde4s0xfdgjcs4mce.jpg,6
2,2,11,Women Solid Shirt Dress,89,Women_1592030244498.jpg,https://res.cloudinary.com/drzudfgzl/image/upload/v1596103251/hcqcc9lgzwn0saqjelbm.jpg,2
2,2,7,Accordian Pleat A-Line Dress,181,Women_1592030245644.jpg,https://res.cloudinary.com/drzudfgzl/image/upload/v1596103252/ngwi4b13rqer2iqlr0yf.jpg,3
2,2,27,Women Printed Maxi Dress,203,Women_1592030246751.jpg,https://res.cloudinary.com/drzudfgzl/image/upload/v1596103253/dmrfwflqbv5s2xu0xrao.jpg,4
2,2,39,Women Printed Maxi Dress,34,Women_1592030247906.jpg,https://res.cloudinary.com/drzudfgzl/image/upload/v1596103254/wojjggpmdn2h3jd26neg.jpg,1
2,2,2,Floral Print Pleated Dress,418,Women_1592030249035.jpg,https://res.cloudinary.com/drzudfgzl/image/upload/v1596103255/uorzksrmwa1inz2bkkiw.jpg,6
2,2,23,Ribbed Bodycon Dress,267,Women_1592030250893.jpg,https://res.cloudinary.com/drzudfgzl/image/upload/v1596103256/fmiyjnzgytni0yaiirph.jpg,4
2,2,2,Printed A-Line Dress,164,Women_1592030252691.jpg,https://res.cloudinary.com/drzudfgzl/image/upload/v1596103257/t54810cktp4pbyvqiagb.jpg,3
2,2,27,Women Printed Shirt Dress,257,Women_1592030254949.jpg,https://res.cloudinary.com/drzudfgzl/image/upload/v1596103258/z3ehkciye6oat5tfy06a.jpg,4
2,2,30,Women Solid Fit and Flare Dress,194,Women_1592030256065.jpg,https://res.cloudinary.com/drzudfgzl/image/upload/v1596103259/cqm2waw6s7aaeht8lxtj.jpg,3
2,2,31,Women Solid Fit and Flare Dress,418,Women_1592030257710.jpg,https://res.cloudinary.com/drzudfgzl/image/upload/v1596103260/ghtcfbjzocutlpl9iayb.jpg,6
2,2,12,Women Tie-Belt Dress,38,Women_1592030259246.jpg,https://res.cloudinary.com/drzudfgzl/image/upload/v1596103261/knulxv7bqhlizyukhwtv.jpg,1
2,2,32,Women Printed Midi Dress,360,Women_1592030260988.jpg,https://res.cloudinary.com/drzudfgzl/image/upload/v1596103261/jiqlp0gexbuwmhcebisn.jpg,5
2,2,13,Floral Print Maxi Belted Dress,288,Women_1592030264655.jpg,https://res.cloudinary.com/drzudfgzl/image/upload/v1596103263/ys8i2wdef5aavkri8rtq.jpg,4
2,2,7,Accordion Pleats Empire Dress,232,Women_1592030265759.jpg,https://res.cloudinary.com/drzudfgzl/image/upload/v1596103264/padis6sa0or6uod0f172.jpg,4
2,2,48,Women Lace Sheath Dress,388,Women_1592030266865.jpg,https://res.cloudinary.com/drzudfgzl/image/upload/v1596103265/b9mxhuadu2khldsh4uo1.jpg,5
2,2,7,Women Checked Shirt Dress,206,Women_1592030267961.jpg,https://res.cloudinary.com/drzudfgzl/image/upload/v1596103266/hlqbsnmiiok3zblmrvth.jpg,4
2,2,49,Solid Shirt Dress,343,Women_1592030269048.jpg,https://res.cloudinary.com/drzudfgzl/image/upload/v1596103267/lfmjvlme8vi507h5wanc.jpg,5
2,2,27,Check Belted Shirt Maxi Dress,183,Women_1592030270716.jpg,https://res.cloudinary.com/drzudfgzl/image/upload/v1596103268/e9eyvczyixfjz6wnbnmw.jpg,3
2,2,13,Women Printed Maxi Dress,281,Women_1592030271834.jpg,https://res.cloudinary.com/drzudfgzl/image/upload/v1596103269/p9j13ti9ogftak8n1cv9.jpg,4
2,3,36,Block Print Straight Kurta,24,Women_1592030430342.jpg,https://res.cloudinary.com/drzudfgzl/image/upload/v1596103270/uy0tc8rabf0ppyql1heh.jpg,1
2,3,44,Printed Straight Kurta,293,Women_1592030432186.jpg,https://res.cloudinary.com/drzudfgzl/image/upload/v1596103270/ul0c72fivlste7xuudrc.jpg,4
2,3,50,Floral Print Straight Kurta,353,Women_1592030434249.jpg,https://res.cloudinary.com/drzudfgzl/image/upload/v1596103271/bcrkfe4eysn800lr5udq.jpg,5
2,3,27,Printed A-Line Kurta,223,Women_1592030435358.jpg,https://res.cloudinary.com/drzudfgzl/image/upload/v1596103272/w9mzdl3rbn3ogigx3qai.jpg,4
2,3,51,Women Striped Slim Fit Kurta,330,Women_1592030436465.jpg,https://res.cloudinary.com/drzudfgzl/image/upload/v1596103273/pqiwjk5tp9x49wghvzli.jpg,5
2,3,36,Printed A-Line Kurta,410,Women_1592030437573.jpg,https://res.cloudinary.com/drzudfgzl/image/upload/v1596103274/y6mo0njibz9sdtfuigeh.jpg,6
2,3,52,Checked A-Line Kurta,247,Women_1592030438707.jpg,https://res.cloudinary.com/drzudfgzl/image/upload/v1596103275/fr5wddexkozimwihz25y.jpg,4
2,3,49,Women Straight Kurta,88,Women_1592030439847.jpg,https://res.cloudinary.com/drzudfgzl/image/upload/v1596103276/dxwdewkzulwlmd966okw.jpg,2
2,3,53,Printed Straight Kurta,312,Women_1592030441518.jpg,https://res.cloudinary.com/drzudfgzl/image/upload/v1596103276/zspaajci3ubc9xsudrgw.jpg,5
2,3,1,Printed Straight Kurta,276,Women_1592030443155.jpg,https://res.cloudinary.com/drzudfgzl/image/upload/v1596103278/xww8qtfffqiev3dh98ty.jpg,4
2,3,54,Printed A-Line Kurta,404,Women_1592030444266.jpg,https://res.cloudinary.com/drzudfgzl/image/upload/v1596103279/dp966fscg9xc0yjlp57r.jpg,6
2,3,36,Woven Design Pathani Kurta,11,Women_1592030445377.jpg,https://res.cloudinary.com/drzudfgzl/image/upload/v1596103280/cs4ayawclwnzzaczxhsu.jpg,1
2,3,27,Printed Straight Kurta,334,Women_1592030446491.jpg,https://res.cloudinary.com/drzudfgzl/image/upload/v1596103280/aangmvgsgqhchzbousvd.jpg,5
2,3,57,Printed Straight Kurta,335,Women_1592030447601.jpg,https://res.cloudinary.com/drzudfgzl/image/upload/v1596103281/jiedr8ljmdtmjkdktxfp.jpg,5
2,3,27,Solid Straight Kurta,25,Women_1592030449793.jpg,https://res.cloudinary.com/drzudfgzl/image/upload/v1596103282/khnx7cc45hfomtvy8vdb.jpg,1
2,3,57,Floral Print Straight Kurta,67,Women_1592030450897.jpg,https://res.cloudinary.com/drzudfgzl/image/upload/v1596103283/hmygyujzadpfdywjjked.jpg,2
2,3,56,Embroidered Straight Kurta,190,Women_1592030452001.jpg,https://res.cloudinary.com/drzudfgzl/image/upload/v1596103284/vilalt7uxoqpou2gm3ex.jpg,3
2,3,52,Printed A-Line Kurta,141,Women_1592030453606.jpg,https://res.cloudinary.com/drzudfgzl/image/upload/v1596103285/jv8zgycfqvd9yvetrcxk.jpg,3
2,3,34,Printed Straight Kurta,257,Women_1592030455448.jpg,https://res.cloudinary.com/drzudfgzl/image/upload/v1596103286/qtnw2y8jka0t7iu5ps2j.jpg,4
2,3,53,Solid Poly Silk A-Line Kurta,179,Women_1592030457185.jpg,https://res.cloudinary.com/drzudfgzl/image/upload/v1596103287/r1h0cd7gbjlelluc3ycv.jpg,3
2,8,57,Women Printed Saree,313,Women_1592030615792.jpg,https://res.cloudinary.com/drzudfgzl/image/upload/v1596103288/ewfu1ijkumvaamst3lxa.jpg,5
2,8,58,Woven Design Banarasi Saree,189,Women_1592030617652.jpg,https://res.cloudinary.com/drzudfgzl/image/upload/v1596103290/yjkwjghgrezj2jbi2mim.jpg,3
2,8,59,Printed Chanderi Saree,344,Women_1592030618756.jpg,https://res.cloudinary.com/drzudfgzl/image/upload/v1596103291/yoptf2s3smadyozowzc3.jpg,5
2,8,57,Solid Saree,37,Women_1592030642122.jpg,https://res.cloudinary.com/drzudfgzl/image/upload/v1596103308/tf41ux5pgnnbyk3y9xbj.jpg,1
2,8,59,Printed Saree,29,Women_1592030643970.jpg,https://res.cloudinary.com/drzudfgzl/image/upload/v1596103309/pj9raehuzt29gut3kdwf.jpg,1
2,8,60,Sequinned Saree,492,Women_1592030645607.jpg,https://res.cloudinary.com/drzudfgzl/image/upload/v1596103310/sm1fcfmmkoc3rzq1oo9c.jpg,6
2,8,57,Printed Saree,33,Women_1592030647346.jpg,https://res.cloudinary.com/drzudfgzl/image/upload/v1596103311/foilbtjnzetputbxysik.jpg,1
2,1,5,Striped Round Neck T-shirt,331,Women_1592030800664.jpg,https://res.cloudinary.com/drzudfgzl/image/upload/v1596103312/azik46dheqqos1sip34x.jpg,5
2,1,12,Women Ribbed Top,349,Women_1592030802126.jpg,https://res.cloudinary.com/drzudfgzl/image/upload/v1596103312/we9xwve1od0pmby6magm.jpg,5
2,1,2,Striped Round Neck T-shirt,413,Women_1592030803918.jpg,https://res.cloudinary.com/drzudfgzl/image/upload/v1596103313/ymbg3auedk7ibjgclrjz.jpg,6
2,1,2,Printed Round Neck T-shirt,495,Women_1592030805639.jpg,https://res.cloudinary.com/drzudfgzl/image/upload/v1596103314/pxjyvq7327rfuhcltset.jpg,6
2,1,5,Printed Round Neck T-shirt,287,Women_1592030806760.jpg,https://res.cloudinary.com/drzudfgzl/image/upload/v1596103315/cjxmriwcptjughfnvye6.jpg,4
2,1,2,Solid Round Neck T-shirt,461,Women_1592030808526.jpg,https://res.cloudinary.com/drzudfgzl/image/upload/v1596103316/ra7xw95iotl0omsdp100.jpg,6
2,1,4,Women Solid Round Neck T-shirt,479,Women_1592030809635.jpg,https://res.cloudinary.com/drzudfgzl/image/upload/v1596103317/krkd1vbsbtkdklqai5g1.jpg,6
2,1,5,Women Pack of 2 T-shirts,348,Women_1592030810742.jpg,https://res.cloudinary.com/drzudfgzl/image/upload/v1596103318/ovfqxcilzbweigmfzivz.jpg,5
2,1,5,Women Solid V-Neck T-shirt,106,Women_1592030813733.jpg,https://res.cloudinary.com/drzudfgzl/image/upload/v1596103320/zgcyhrdsptqvoj9x7dy4.jpg,3
2,1,12,V-Neck Jersey Tshirt,405,Women_1592030815393.jpg,https://res.cloudinary.com/drzudfgzl/image/upload/v1596103321/dtqobjftglx7lpcumbvy.jpg,6
2,1,5,Solid Round Neck T-shirt,106,Women_1592030817608.jpg,https://res.cloudinary.com/drzudfgzl/image/upload/v1596103321/dq0tlrqeqaibwruzniph.jpg,3
2,1,18,Striped Scoop Neck T-shirt,228,Women_1592030819283.jpg,https://res.cloudinary.com/drzudfgzl/image/upload/v1596103322/ujqpcd8mm4pcmlzorkff.jpg,4
2,1,4,Striped Round Neck T-shirt,150,Women_1592030821128.jpg,https://res.cloudinary.com/drzudfgzl/image/upload/v1596103323/p1q6bwaqoldhyypayvbi.jpg,3
2,1,2,Women Solid Round Neck T-shirt,228,Women_1592030822760.jpg,https://res.cloudinary.com/drzudfgzl/image/upload/v1596103324/frmi2i7jvqirgk7wn66f.jpg,4
2,1,5,Women V-Neck T-shirt,466,Women_1592030824505.jpg,https://res.cloudinary.com/drzudfgzl/image/upload/v1596103325/bsdyusgtpduzph4bovs9.jpg,6
2,1,5,Solid Round Neck T-shirt,419,Women_1592030826244.jpg,https://res.cloudinary.com/drzudfgzl/image/upload/v1596103326/fi9twsjg1crydd7pknjg.jpg,6
2,1,5,Printed Round Neck T-shirt,162,Women_1592030827879.jpg,https://res.cloudinary.com/drzudfgzl/image/upload/v1596103327/j9apyfhndn5ffwr1nepz.jpg,3
2,1,12,Women Short T-shirt,133,Women_1592030829475.jpg,https://res.cloudinary.com/drzudfgzl/image/upload/v1596103327/cxfb7vv66alb0wginabj.jpg,3
2,1,5,Women Round Neck T-shirt,32,Women_1592030831263.jpg,https://res.cloudinary.com/drzudfgzl/image/upload/v1596103328/hwydw1jkurgxm12gfxlg.jpg,1
2,7,13,Women Super Skinny Fit Jeans,50,Women_1592032228550.jpg,https://res.cloudinary.com/drzudfgzl/image/upload/v1596103329/isfoha8ii7w2ykdscxof.jpg,2
2,7,12,Super Skinny High Jeans,208,Women_1592032229858.jpg,https://res.cloudinary.com/drzudfgzl/image/upload/v1596103330/iinpfldxuhixwm11vj3b.jpg,4
2,7,5,Women Flared Jeans,368,Women_1592032230973.jpg,https://res.cloudinary.com/drzudfgzl/image/upload/v1596103331/jek59llbwrunzqmhscsf.jpg,5
2,7,13,Women Bootcut Jeans,354,Women_1592032232740.jpg,https://res.cloudinary.com/drzudfgzl/image/upload/v1596103332/squ6w5nlo5vrg9z4j4rm.jpg,5
2,7,12,Women Slim Mom Jeans,143,Women_1592032234381.jpg,https://res.cloudinary.com/drzudfgzl/image/upload/v1596103333/ptzmr8hkj2msffimgf4h.jpg,3
2,7,5,Women Mid-Rise Skinny Jeans,386,Women_1592032235988.jpg,https://res.cloudinary.com/drzudfgzl/image/upload/v1596103333/xsmpjic4w6nb6wf8ea2i.jpg,5
2,7,2,Balloon High-Rise Jeans,41,Women_1592032237656.jpg,https://res.cloudinary.com/drzudfgzl/image/upload/v1596103334/ulwygyt4lnuatuyclygu.jpg,1
2,7,62,Women Skinny Fit Jeans,232,Women_1592032239912.jpg,https://res.cloudinary.com/drzudfgzl/image/upload/v1596103335/zrlijqhw2tq9khdj7txc.jpg,4
2,7,28,Women Boyfriend Fit Jeans,252,Women_1592032241550.jpg,https://res.cloudinary.com/drzudfgzl/image/upload/v1596103336/xuygpek1bvlkeqiyybec.jpg,4
2,7,13,Women Super Skinny Fit Jeans,15,Women_1592032243184.jpg,https://res.cloudinary.com/drzudfgzl/image/upload/v1596103337/llzgy8hlhorlnbkgcbgi.jpg,1
2,7,28,Women Boyfriend Fit Jeans,144,Women_1592032244374.jpg,https://res.cloudinary.com/drzudfgzl/image/upload/v1596103338/c6gpis9y3km7b3a0n3ns.jpg,3
2,7,5,Women Skinny Fit Jeans,170,Women_1592032246050.jpg,https://res.cloudinary.com/drzudfgzl/image/upload/v1596103338/trirsekj1sqir6vpucqu.jpg,3
2,7,34,Women Skinny Fit Jeans,194,Women_1592032249442.jpg,https://res.cloudinary.com/drzudfgzl/image/upload/v1596103341/ab9hncawzll1cceqzc0f.jpg,3
2,7,5,Women Skinny Fit Jeans,194,Women_1592032251583.jpg,https://res.cloudinary.com/drzudfgzl/image/upload/v1596103342/ue9hcq1htns1hmsrvhmy.jpg,3
2,7,25,Women Skinny Fit Jeans,314,Women_1592032253221.jpg,https://res.cloudinary.com/drzudfgzl/image/upload/v1596103343/mfizie1admzbzbb3p6tq.jpg,5
2,7,34,Women Skinny Fit Jeans,246,Women_1592032255477.jpg,https://res.cloudinary.com/drzudfgzl/image/upload/v1596103343/cdnkrycszrfiz53ititt.jpg,4
2,7,5,Women Skinny Fit Cropped Jeans,32,Women_1592032257114.jpg,https://res.cloudinary.com/drzudfgzl/image/upload/v1596103344/svrahq1fhccai9faxv08.jpg,1
2,7,5,Women Skinny Fit Jeans,486,Women_1592032258750.jpg,https://res.cloudinary.com/drzudfgzl/image/upload/v1596103345/lzmcfmfraaodzhafzslv.jpg,6
2,7,5,Women Skinny Fit Jeans,85,Women_1592032259861.jpg,https://res.cloudinary.com/drzudfgzl/image/upload/v1596103346/umsciaokehlfk9cjxvoq.jpg,2
2,9,63,Solid Crop Jacket,216,Women_1592032691124.jpg,https://res.cloudinary.com/drzudfgzl/image/upload/v1596103347/vhzacene63bqemvpahwg.jpg,4
2,9,64,Women Washed Denim Jacket,116,Women_1592032694764.jpg,https://res.cloudinary.com/drzudfgzl/image/upload/v1596103349/ormxcwbk68plqvbmjvch.jpg,3
2,9,7,Women Solid Denim Jacket,439,Women_1592032696417.jpg,https://res.cloudinary.com/drzudfgzl/image/upload/v1596103350/ankm2zi3yp7z8v8z3rgm.jpg,6
2,9,7,Women Acid Wash Denim Jacket,395,Women_1592032698056.jpg,https://res.cloudinary.com/drzudfgzl/image/upload/v1596103350/wqygasf9zadfcn8txheg.jpg,5
2,9,63,Solid Crop Jacket,26,Women_1592032699696.jpg,https://res.cloudinary.com/drzudfgzl/image/upload/v1596103351/fd5zbbihedtbtrncky0a.jpg,1
2,9,7,Women Solid Denim Jacket,301,Women_1592032701436.jpg,https://res.cloudinary.com/drzudfgzl/image/upload/v1596103352/yqcrwfj0gvo6lgvik6vc.jpg,5
2,9,34,Women Solid Crop Denim Jacket,91,Women_1592032703224.jpg,https://res.cloudinary.com/drzudfgzl/image/upload/v1596103353/rqxlrvc7isvfqwmfblyv.jpg,2
2,9,12,Hooded Rain Jacket,88,Women_1592032705245.jpg,https://res.cloudinary.com/drzudfgzl/image/upload/v1596103354/lwmp7hbdlreeo1knry51.jpg,2
2,9,63,Women Solid Denim Jacket,21,Women_1592032709113.jpg,https://res.cloudinary.com/drzudfgzl/image/upload/v1596103356/sn9f0aky24pmtnoiddwl.jpg,1
2,9,63,Solid Cropped Tailored Jacket,80,Women_1592032711059.jpg,https://res.cloudinary.com/drzudfgzl/image/upload/v1596103357/y5zexz3zxjmmbdch5dxu.jpg,2
2,9,12,Women Hooded Jacket,11,Women_1592032714499.jpg,https://res.cloudinary.com/drzudfgzl/image/upload/v1596103359/mr68tqsitssgdylp87ba.jpg,1
2,9,63,Solid Crop Jacket,217,Women_1592032716179.jpg,https://res.cloudinary.com/drzudfgzl/image/upload/v1596103360/rxudt9na3dc823xpupsc.jpg,4
2,9,7,Women Solid Denim Jacket,372,Women_1592032717917.jpg,https://res.cloudinary.com/drzudfgzl/image/upload/v1596103361/yds5nnivlvzzmfpgeao9.jpg,5
2,9,12,Hooded Jacket,19,Women_1592032719718.jpg,https://res.cloudinary.com/drzudfgzl/image/upload/v1596103362/xqdwwk7pa2ugtp08wdfr.jpg,1
2,9,7,Women Printed Bomber Jacket,246,Women_1592032721300.jpg,https://res.cloudinary.com/drzudfgzl/image/upload/v1596103362/wmpnblgexyswfimw7lw1.jpg,4
2,9,13,Women Solid Denim Jacket,396,Women_1592032722940.jpg,https://res.cloudinary.com/drzudfgzl/image/upload/v1596103364/gpckyabjmcwfa2eeuvrq.jpg,5
2,9,63,Women Tailored Jacket,341,Women_1592032724677.jpg,https://res.cloudinary.com/drzudfgzl/image/upload/v1596103364/sfk7xcsmfbr2uprajfst.jpg,5
2,11,7,Women Denim Parallel Trousers,138,Women_1592032944574.jpg,https://res.cloudinary.com/drzudfgzl/image/upload/v1596103370/xhztksy67yujg037m1m3.jpg,3
2,11,1,Women Parallel Trousers,94,Women_1592032947400.jpg,https://res.cloudinary.com/drzudfgzl/image/upload/v1596103371/ubqxcso9ohef8jvjjtpv.jpg,2
2,11,12,Women Cigarette Trousers,413,Women_1592032948596.jpg,https://res.cloudinary.com/drzudfgzl/image/upload/v1596103372/esue7eqmilvnyt97kvfx.jpg,6
2,11,7,Women Solid Parallel Trousers,10,Women_1592032951287.jpg,https://res.cloudinary.com/drzudfgzl/image/upload/v1596103373/suqrjvubrjb7hetorvqd.jpg,1
2,11,34,Women Striped Regular Trousers,254,Women_1592032952445.jpg,https://res.cloudinary.com/drzudfgzl/image/upload/v1596103374/vlerc8x6thm6zgnuibbe.jpg,4
2,11,7,Women Regular Fit Cigarette Trousers,425,Women_1592032958154.jpg,https://res.cloudinary.com/drzudfgzl/image/upload/v1596103377/dzoiysr3jpjrqoyguepj.jpg,6
2,11,5,Women Regular Fit Joggers,66,Women_1592032963169.jpg,https://res.cloudinary.com/drzudfgzl/image/upload/v1596103379/fvt5ejjntxaqdydokvik.jpg,2
2,11,12,Women Pull-On Trousers,212,Women_1592032964347.jpg,https://res.cloudinary.com/drzudfgzl/image/upload/v1596103380/sdnn44mwvsnqehcanmkh.jpg,4
2,11,21,Women Slim Fit Regular Trousers,190,Women_1592032966963.jpg,https://res.cloudinary.com/drzudfgzl/image/upload/v1596103381/dnlyp6ob51ot2bqzenek.jpg,3
2,11,1,Women Regular Fit Regular Trousers,229,Women_1592032968601.jpg,https://res.cloudinary.com/drzudfgzl/image/upload/v1596103382/u1cwdkk5vtcxguqr3y9b.jpg,4
2,11,18,Women Regular Fit Joggers,292,Women_1592032972015.jpg,https://res.cloudinary.com/drzudfgzl/image/upload/v1596103384/lngbokrhyokiqvhti1ix.jpg,4
2,11,30,Women Slim Fit Peg Trousers,256,Women_1592032973720.jpg,https://res.cloudinary.com/drzudfgzl/image/upload/v1596103384/pf78j9ne0dymp3iybu0g.jpg,4
2,11,56,Women Regular Fit Regular Trousers,260,Women_1592032975360.jpg,https://res.cloudinary.com/drzudfgzl/image/upload/v1596103385/ay9pubpfpzoidy81hkar.jpg,4
2,12,7,Women Solid Maxi Flared Skirt,335,Women_1592033053445.jpg,https://res.cloudinary.com/drzudfgzl/image/upload/v1596103386/uupnkzihklwsc6zo3em6.jpg,5
2,12,12,Women H&M+ Pleated Skirt,363,Women_1592033055128.jpg,https://res.cloudinary.com/drzudfgzl/image/upload/v1596103387/jqgaqpkdurvsl8juchlc.jpg,5
2,12,23,Women Solid Midi Pencil Skirt,302,Women_1592033056763.jpg,https://res.cloudinary.com/drzudfgzl/image/upload/v1596103388/qpc7t7tovtbiifmsli5h.jpg,5
2,12,23,Women Corduroy Mini Skirt,469,Women_1592033058369.jpg,https://res.cloudinary.com/drzudfgzl/image/upload/v1596103389/npdffszdddsn7umngag7.jpg,6
2,12,7,Women Knee Length A-Line Skirt,340,Women_1592033060023.jpg,https://res.cloudinary.com/drzudfgzl/image/upload/v1596103390/nid9tans7oof0yi6yh70.jpg,5
2,12,30,Women Skirts,186,Women_1592033061783.jpg,https://res.cloudinary.com/drzudfgzl/image/upload/v1596103391/kznpz5znoger26hxleyr.jpg,3
2,12,34,Women Solid A-Line Skirt,495,Women_1592033063426.jpg,https://res.cloudinary.com/drzudfgzl/image/upload/v1596103392/dfzvnag7kya9d2hzv08t.jpg,6
2,12,30,Women Lace A-Line Skirt,493,Women_1592033067772.jpg,https://res.cloudinary.com/drzudfgzl/image/upload/v1596103393/glmtu1ejkqrplzoyvx9o.jpg,6
2,12,19,Women Printed Flared Skirt,249,Women_1592033073603.jpg,https://res.cloudinary.com/drzudfgzl/image/upload/v1596103394/imbftbfblag3dufcfrcg.jpg,4
2,12,12,Solid A-line Skirt,63,Women_1592033076261.jpg,https://res.cloudinary.com/drzudfgzl/image/upload/v1596103395/vxwzwegphx00cwn3yqbf.jpg,2
2,12,40,Women Printed Flared Skirt,175,Women_1592033078013.jpg,https://res.cloudinary.com/drzudfgzl/image/upload/v1596103396/hpe58yvfbnvvprfaiehb.jpg,3
2,12,7,Women Midi A-Line Skirt,217,Women_1592033080218.jpg,https://res.cloudinary.com/drzudfgzl/image/upload/v1596103397/lod4vydvop8zuyjhjcax.jpg,4
2,13,66,Women Regular Fit Tracksuits,365,Women_1592033686854.jpg,https://res.cloudinary.com/drzudfgzl/image/upload/v1596103399/ez3krxivjrxcekukw7gp.jpg,5
4,2,13,65,Women Solid Tracksuit,272,Women_1592033689007.jpg,https://res.cloudinary.com/drzudfgzl/image/upload/v1596103400/e2xb3buidbhvrxbinsjd.jpg,4
8,2,13,65,Women Track Suit,25,Women_1592033698223.jpg,https://res.cloudinary.com/drzudfgzl/image/upload/v1596103404/mgyimhqzexnx0xw2xy0n.jpg,1
12,2,13,65,Women Colourblocked Tracksuit,216,Women_1592033707338.jpg,https://res.cloudinary.com/drzudfgzl/image/upload/v1596103407/fjwtmhbayvulutvwthkq.jpg,4
2,14,21,Women Solid Nightsuit,273,Women_1592033787855.jpg,https://res.cloudinary.com/drzudfgzl/image/upload/v1596103423/rsbe2mnzpw6sop7asgy9.jpg,4
2,15,29,Women Printed A-line Kurti,12,Women_1592033851042.jpg,https://res.cloudinary.com/drzudfgzl/image/upload/v1596103434/of2ogy5tefctkzqg37qr.jpg,1
2,15,36,Women Printed A-Line Kurti,308,Women_1592033852166.jpg,https://res.cloudinary.com/drzudfgzl/image/upload/v1596103436/glazemz8duyafsvatqgh.jpg,5
2,15,27,Yoke Design A-Line Kurti,11,Women_1592033853280.jpg,https://res.cloudinary.com/drzudfgzl/image/upload/v1596103437/qmgsa6ktysd1jdpiy7mf.jpg,1
2,15,29,Women Printed A-Line Kurti,118,Women_1592033854390.jpg,https://res.cloudinary.com/drzudfgzl/image/upload/v1596103438/hja4gdv5e9q6mcur6fjp.jpg,3
2,15,1,Printed Kurti,34,Women_1592033855533.jpg,https://res.cloudinary.com/drzudfgzl/image/upload/v1596103439/vhk8mkuisgvngn6m3oo9.jpg,1
2,15,1,Printed Straight Kurta,421,Women_1592033860023.jpg,https://res.cloudinary.com/drzudfgzl/image/upload/v1596103442/zjdnxnfdiilb2jlap9uc.jpg,6
2,15,29,Women Printed Straight Kurti,288,Women_1592033861139.jpg,https://res.cloudinary.com/drzudfgzl/image/upload/v1596103443/yww64woeljeoh0wjs0sy.jpg,4
2,15,25,Yoke Design Kurti,174,Women_1592033864525.jpg,https://res.cloudinary.com/drzudfgzl/image/upload/v1596103446/vvze40zkpouuxqouvntc.jpg,3
2,15,29,Women Printed Straight Kurti,153,Women_1592033866759.jpg,https://res.cloudinary.com/drzudfgzl/image/upload/v1596103448/r2qj6a3banwnp2ua8u8s.jpg,3
1,1,5,Striped Round Neck Navy Blue T-shirt,480,Men_1592033926836.jpg,https://res.cloudinary.com/drzudfgzl/image/upload/v1596103454/jzdkpqn6brnhwttkxjbo.jpg,6
1,1,5,Printed T-shirt,296,Men_1592033930179.jpg,https://res.cloudinary.com/drzudfgzl/image/upload/v1596103457/mncprzexzioveujtcp6j.jpg,4
1,1,12,Cotton T-shirt Regular Fit,355,Men_1592033936313.jpg,https://res.cloudinary.com/drzudfgzl/image/upload/v1596103461/ukohjg013hytkfdjrozm.jpg,5
1,1,5,Striped Round Neck T-shirt,226,Men_1592033937419.jpg,https://res.cloudinary.com/drzudfgzl/image/upload/v1596103462/xo4pefiimgkla7b5dmgo.jpg,4
1,1,5,Printed Polo Collar T-shirt,491,Men_1592033939174.jpg,https://res.cloudinary.com/drzudfgzl/image/upload/v1596103462/ipogcwl1z6ztp3tuxnof.jpg,6
1,1,5,Men Striped Round Neck T-shirt,145,Men_1592033941021.jpg,https://res.cloudinary.com/drzudfgzl/image/upload/v1596103463/zvtc5arsluhwli2ajxpl.jpg,3
1,1,12,Cotton T-shirt Regular Fit,336,Men_1592033942147.jpg,https://res.cloudinary.com/drzudfgzl/image/upload/v1596103464/j6n7zd04ahqjjc9byhgi.jpg,5
1,1,5,Printed Round Neck T-shirt,125,Men_1592033947883.jpg,https://res.cloudinary.com/drzudfgzl/image/upload/v1596103468/hkmprexensbvc0tgv5rr.jpg,3
1,1,5,Solid Round Neck T-shirt,420,Men_1592033949620.jpg,https://res.cloudinary.com/drzudfgzl/image/upload/v1596103469/ys00seex0dggkdsy0gqx.jpg,6
1,1,34,Men Printed Round Neck T-shirt,249,Men_1592033953818.jpg,https://res.cloudinary.com/drzudfgzl/image/upload/v1596103471/azxbmzxo0i1z0lba34bt.jpg,4
1,6,3,Men ZOOM WINFLO Running Shoes,360,Men_1592034032037.jpg,https://res.cloudinary.com/drzudfgzl/image/upload/v1596103473/lwwqw0fognqhfdnqd5j4.jpg,5
1,6,66,Men Echelon V2 Running Shoes,270,Men_1592034033145.jpg,https://res.cloudinary.com/drzudfgzl/image/upload/v1596103475/bqgzmiuizfogugk2hmld.jpg,4
1,6,3,Men RENEW RIDE Running Shoes,381,Men_1592034035520.jpg,https://res.cloudinary.com/drzudfgzl/image/upload/v1596103476/t3arz1muo8twhafhc8go.jpg,5
1,6,66,Unisex NRGY Neko Slip-On One8,12,Men_1592034036615.jpg,https://res.cloudinary.com/drzudfgzl/image/upload/v1596103477/yvo1tgt9cpxutm2q0bru.jpg,1
1,6,66,Unisex Running Shoes,103,Men_1592034047106.jpg,https://res.cloudinary.com/drzudfgzl/image/upload/v1596103483/ycmnx0lsdb6gtnbn1m3t.jpg,3
1,6,3,Women REVOLUTION 5  Running,205,Men_1592034049867.jpg,https://res.cloudinary.com/drzudfgzl/image/upload/v1596103485/jkfuboyk0loibmlhpizm.jpg,4
1,6,66,Men Flex Free XT Running Shoes,349,Men_1592034053253.jpg,https://res.cloudinary.com/drzudfgzl/image/upload/v1596103486/vrumhxdyuevhkhbkmltp.jpg,5
1,6,3,Men LEGEND REACT 2 Shoes,142,Men_1592034054992.jpg,https://res.cloudinary.com/drzudfgzl/image/upload/v1596103487/esrcz3fqwcsuwaukflji.jpg,3
1,6,3,Women RENEW RIDE Running Shoes,402,Men_1592034056101.jpg,https://res.cloudinary.com/drzudfgzl/image/upload/v1596103488/we4ajdvmvclcvtxckc9u.jpg,6
1,19,4,Regular Fit Casual Linen Shirt,343,Men_1592034113376.jpg,https://res.cloudinary.com/drzudfgzl/image/upload/v1596103492/vr4fo2jzwswgcbnh8lyk.jpg,5
1,19,68,Slim Fit Casual Shirt,81,Men_1592034114971.jpg,https://res.cloudinary.com/drzudfgzl/image/upload/v1596103493/xaw0fznrsgfxqw6ejijl.jpg,2
1,19,5,Regular Fit Checked Shirt,471,Men_1592034116641.jpg,https://res.cloudinary.com/drzudfgzl/image/upload/v1596103494/giz9bqaniladla1toglx.jpg,6
1,19,68,Men Slim Fit Linen Shirt,434,Men_1592034118924.jpg,https://res.cloudinary.com/drzudfgzl/image/upload/v1596103495/ldwwvtiujbyfje65iurq.jpg,6
1,19,4,Solid Linen Casual Shirt,59,Men_1592034121285.jpg,https://res.cloudinary.com/drzudfgzl/image/upload/v1596103497/bk6itzf5sm9d94xphtrp.jpg,2
1,19,28,Antimicrobial Regular Shirt,197,Men_1592034126042.jpg,https://res.cloudinary.com/drzudfgzl/image/upload/v1596103500/z2kqnnimjh2ltantxf3h.jpg,3
1,19,34,Men Regular Fit Casual Shirt,123,Men_1592034128927.jpg,https://res.cloudinary.com/drzudfgzl/image/upload/v1596103502/mw95livfigri5t6dvt6q.jpg,3
1,19,5,Regular Fit Check Casual Shirt,469,Men_1592034133844.jpg,https://res.cloudinary.com/drzudfgzl/image/upload/v1596103504/r0gog4n505fwss7vnxkk.jpg,6
1,19,5,Time Travel Slim Check Casual,197,Men_1592034136171.jpg,https://res.cloudinary.com/drzudfgzl/image/upload/v1596103506/wsokb62u2niwzj4pyekt.jpg,3
1,19,6,Men Slim Fit Casual Shirt,407,Men_1592034137835.jpg,https://res.cloudinary.com/drzudfgzl/image/upload/v1596103507/m9rhm73ka1xhaiomsrf3.jpg,6
1,7,5,Men Skinny Fit Jeans,396,Men_1592034194551.jpg,https://res.cloudinary.com/drzudfgzl/image/upload/v1596103510/uiprlmxrrk0tho5ymnro.jpg,5
1,7,5,Men Slim Fit Jeans,333,Men_1592034206957.jpg,https://res.cloudinary.com/drzudfgzl/image/upload/v1596103517/i8qalsytsdjzz8lgbske.jpg,5
1,7,5,Men Skinny Fit Jeans,184,Men_1592034215561.jpg,https://res.cloudinary.com/drzudfgzl/image/upload/v1596103521/fbxallmq7tjucfx8qd07.jpg,3
1,7,5,Men Skinny Fit Jeans,157,Men_1592034218940.jpg,https://res.cloudinary.com/drzudfgzl/image/upload/v1596103523/w7vnqpiqvzxgnfier2db.jpg,3
1,7,5,Men Skinny Fit Jeans,93,Men_1592034223433.jpg,https://res.cloudinary.com/drzudfgzl/image/upload/v1596103526/f0llypu5p0lmic8a8map.jpg,2
1,4,5,Men Regular Fit Chinos,245,Men_1592034287858.jpg,https://res.cloudinary.com/drzudfgzl/image/upload/v1596103531/t8tfdwir9jytxpat9hf2.jpg,4
1,4,19,Men Regular Fit Joggers,394,Men_1592034289494.jpg,https://res.cloudinary.com/drzudfgzl/image/upload/v1596103532/frfjhtqwkjxphdswlgqv.jpg,5
1,4,5,Men Slim Fit Joggers,274,Men_1592034299824.jpg,https://res.cloudinary.com/drzudfgzl/image/upload/v1596103538/wbst90bhqgeuzoqk10p7.jpg,4
1,4,6,Men Regular Fit Chinos,72,Men_1592034303007.jpg,https://res.cloudinary.com/drzudfgzl/image/upload/v1596103540/ivpywrq2bnpydkty0kgg.jpg,2
1,4,6,Men Regular Fit Chinos,238,Men_1592034304753.jpg,https://res.cloudinary.com/drzudfgzl/image/upload/v1596103541/m0otv5jd8q0zrkgsj7wr.jpg,4
1,4,34,Men Slim Fit Chinos,287,Men_1592034307411.jpg,https://res.cloudinary.com/drzudfgzl/image/upload/v1596103542/zfjljgvdsvu9qhvgoxwf.jpg,4
1,4,5,Men Regular Fit Chinos,42,Men_1592034313462.jpg,https://res.cloudinary.com/drzudfgzl/image/upload/v1596103545/wmslecfkdj33pfn5ftte.jpg,1
1,3,1,Woven Design Straight Kurta,248,Men_1592034372662.jpg,https://res.cloudinary.com/drzudfgzl/image/upload/v1596103548/i4vjg4nsvcqzp0vxgo7k.jpg,4
1,3,35,Indigo Hand Block Kurta,34,Men_1592034377285.jpg,https://res.cloudinary.com/drzudfgzl/image/upload/v1596103551/cbvb6tbxmxax9kbfrxej.jpg,1
1,3,1,Printed Straight Kurta,348,Men_1592034383801.jpg,https://res.cloudinary.com/drzudfgzl/image/upload/v1596103555/wfus0uvg8vw5zhtd14aa.jpg,5
1,3,1,Self Striped Straight Kurta,201,Men_1592034385546.jpg,https://res.cloudinary.com/drzudfgzl/image/upload/v1596103556/xollwqq0b29spee52pd1.jpg,4
1,3,6,Embroidered Yoke Kurta,93,Men_1592034390217.jpg,https://res.cloudinary.com/drzudfgzl/image/upload/v1596103558/iib7olyxtr7lsrxry3nf.jpg,2
1,3,1,Printed Fusion Straight Kurta,20,Men_1592034397529.jpg,https://res.cloudinary.com/drzudfgzl/image/upload/v1596103562/odmtkvtmzcb4yobk7lif.jpg,1
1,3,1,Printed Straight Kurta,173,Men_1592034402500.jpg,https://res.cloudinary.com/drzudfgzl/image/upload/v1596103566/aaecwf7fy29gbzkdsqai.jpg,3
1,16,6,Sweatshirt,409,Men_1592034453803.jpg,https://res.cloudinary.com/drzudfgzl/image/upload/v1596103568/p5y15w4fq3ecywff1xbw.jpg,6
1,16,5,Men Checked Sweatshirt,269,Men_1592034456951.jpg,https://res.cloudinary.com/drzudfgzl/image/upload/v1596103570/hfs9arrscn685mmvdwcu.jpg,4
1,16,12,Men Hooded Top,119,Men_1592034461636.jpg,https://res.cloudinary.com/drzudfgzl/image/upload/v1596103573/nxkmyy1nbdcb5x5f3cdo.jpg,3
1,16,3,Men Training Hooded Sweatshirt,239,Men_1592034466752.jpg,https://res.cloudinary.com/drzudfgzl/image/upload/v1596103576/qte7zsll3v9gdihxor7x.jpg,4
1,16,12,Sweatshirt,183,Men_1592034470133.jpg,https://res.cloudinary.com/drzudfgzl/image/upload/v1596103578/dk94t1iq2hyejxyqckbc.jpg,3
1,16,66,Printed Sweatshirt,119,Men_1592034472591.jpg,https://res.cloudinary.com/drzudfgzl/image/upload/v1596103579/mk0orzq2a0kxzth4p7ag.jpg,3
1,16,12,Hooded Sweatshirt,135,Men_1592034475049.jpg,https://res.cloudinary.com/drzudfgzl/image/upload/v1596103579/cmgufj6ohcghoyca2hfk.jpg,3
1,16,3,Men Training Hooded Sweatshirt,57,Men_1592034479861.jpg,https://res.cloudinary.com/drzudfgzl/image/upload/v1596103582/uri8p1elbd2ejcwclnzs.jpg,2
1,16,12,Men Printed Sweatshirt,354,Men_1592034487554.jpg,https://res.cloudinary.com/drzudfgzl/image/upload/v1596103587/mpkchdyl6dwrs7gpozbp.jpg,5
1,36,12,Men Shirt Jacket,491,Men_1592034548470.jpg,https://res.cloudinary.com/drzudfgzl/image/upload/v1596103591/mzrwwczqtwfezqd3eimw.jpg,6
1,36,66,Men ftblNXT Pro Jacket,272,Men_1592034552915.jpg,https://res.cloudinary.com/drzudfgzl/image/upload/v1596103594/cqrrhxwolrg2agsl8mdb.jpg,4
1,36,34,Men Solid Denim Jacket,92,Men_1592034555435.jpg,https://res.cloudinary.com/drzudfgzl/image/upload/v1596103595/bx49gmznqcgebuqigid5.jpg,2
1,36,66,Printed Bomber,45,Men_1592034556589.jpg,https://res.cloudinary.com/drzudfgzl/image/upload/v1596103595/oocltvcgblabsifbqcqn.jpg,1
1,36,3,Men AS DRY-FIT Sporty Jacket,397,Men_1592034558301.jpg,https://res.cloudinary.com/drzudfgzl/image/upload/v1596103596/gvifrbl67et29gvifftc.jpg,5
1,36,66,Runner ID Sporty Jacket,404,Men_1592034562806.jpg,https://res.cloudinary.com/drzudfgzl/image/upload/v1596103599/zfkvbgs9phbahlsx78xj.jpg,6
1,36,3,Men Football Dri-Fit Jacket,170,Men_1592034565804.jpg,https://res.cloudinary.com/drzudfgzl/image/upload/v1596103601/lfg0tn9tuygjy6ep5gws.jpg,3
1,36,6,Men Solid Puffer Jacket,196,Men_1592034567315.jpg,https://res.cloudinary.com/drzudfgzl/image/upload/v1596103602/bogdq8vtkbdjpvj4llkp.jpg,3
1,36,3,Men Sporty Jacket,248,Men_1592034568498.jpg,https://res.cloudinary.com/drzudfgzl/image/upload/v1596103603/pybaf44oatuipztil9kh.jpg,4
1,36,5,Men Solid Denim Jacket,419,Men_1592034569700.jpg,https://res.cloudinary.com/drzudfgzl/image/upload/v1596103605/uyaurff8pieevgetfnmi.jpg,6
1,36,6,Men Solid Biker Jacket,430,Men_1592034574864.jpg,https://res.cloudinary.com/drzudfgzl/image/upload/v1596103608/mfqke6tcdy8vm7to0wzs.jpg,6
1,20,6,Men Solid Slim Fit Track Pants,14,Men_1592034625580.jpg,https://res.cloudinary.com/drzudfgzl/image/upload/v1596103610/r7glntlygvw3mgsucsix.jpg,1
1,20,6,Men Solid Slim Fit Track Pants,197,Men_1592034626681.jpg,https://res.cloudinary.com/drzudfgzl/image/upload/v1596103611/cvjoetqmesyfyuqwtdmv.jpg,3
1,20,3,Men ACDMY Dri-Fit Track Pants,134,Men_1592034651484.jpg,https://res.cloudinary.com/drzudfgzl/image/upload/v1596103626/xuvjdkuw7qzjs8exp2lu.jpg,3
1,21,6,Men Single-Breasted Blazers,271,Men_1592034703090.jpg,https://res.cloudinary.com/drzudfgzl/image/upload/v1596103629/o9pudmi8glr9kympfgtf.jpg,4
1,21,6,Single-Breasted Slim Casual Blazer,322,Men_1592034706476.jpg,https://res.cloudinary.com/drzudfgzl/image/upload/v1596103631/sfg3lun7gujpkhv2lg6k.jpg,5
1,21,21,Men Single-Breasted Blazer,365,Men_1592034713349.jpg,https://res.cloudinary.com/drzudfgzl/image/upload/v1596103634/e62twplkcmbrbx9jj8kv.jpg,5
1,21,4,Single-Breasted Casual Blazer,93,Men_1592034725353.jpg,https://res.cloudinary.com/drzudfgzl/image/upload/v1596103640/wgjbsnhihcncbx6k219w.jpg,2
1,21,21,Men Single-Breasted Blazer,413,Men_1592034727575.jpg,https://res.cloudinary.com/drzudfgzl/image/upload/v1596103641/cpoo67x8cot455rltfjf.jpg,6
1,21,4,Men Striped Casual Blazer,168,Men_1592034731583.jpg,https://res.cloudinary.com/drzudfgzl/image/upload/v1596103643/b49irffy0fnbr2mizp2w.jpg,3
1,21,28,Single-Breasted Casual Blazer,218,Men_1592034733377.jpg,https://res.cloudinary.com/drzudfgzl/image/upload/v1596103644/lycstnrqm7ba3ofo7bpf.jpg,4
1,21,4,Regular Fit Knitted Blazer,160,Men_1592034735044.jpg,https://res.cloudinary.com/drzudfgzl/image/upload/v1596103645/fpnp0qvdelmjxmttwxbx.jpg,3
1,14,21,Men Solid Night suit,12,Men_1592034961690.jpg,https://res.cloudinary.com/drzudfgzl/image/upload/v1596103646/tufw1urx34gsca9nxlqf.jpg,1
1,14,21,Men Easy To Iron Night Suit,407,Men_1592034963415.jpg,https://res.cloudinary.com/drzudfgzl/image/upload/v1596103647/kpm8qjmy0ho8k3yiyfkx.jpg,6
1,14,21,Men Easy To Iron Night Suit,348,Men_1592034965053.jpg,https://res.cloudinary.com/drzudfgzl/image/upload/v1596103648/ovqszogiraqqt2isrsiw.jpg,5
1,14,12,Men Solid Pyjamas,117,Men_1592034966623.jpg,https://res.cloudinary.com/drzudfgzl/image/upload/v1596103649/xzdltsnq4oslqgpqctxh.jpg,3
1,14,12,Men Pyjamas,426,Men_1592034968225.jpg,https://res.cloudinary.com/drzudfgzl/image/upload/v1596103650/t5m9cmrpctiygyjpnw7w.jpg,6
1,14,21,Men Striped Night Suit,138,Men_1592034969849.jpg,https://res.cloudinary.com/drzudfgzl/image/upload/v1596103651/exy8zla33aok6ncaiupi.jpg,3
1,14,21,Men Printed Night Suit,398,Men_1592034971610.jpg,https://res.cloudinary.com/drzudfgzl/image/upload/v1596103652/gritdnynawyprssr1qny.jpg,5
1,14,21,Men Solid Nightsuit,420,Men_1592034973353.jpg,https://res.cloudinary.com/drzudfgzl/image/upload/v1596103653/jbojgwpvancipqr6qixq.jpg,6
1,14,21,Men Easy To Iron Night Suit,380,Men_1592034974984.jpg,https://res.cloudinary.com/drzudfgzl/image/upload/v1596103654/sytxu4bktaeemwadjr08.jpg,5
1,14,12,Men Solid Night Suit,83,Men_1592034976628.jpg,https://res.cloudinary.com/drzudfgzl/image/upload/v1596103655/lbnatkhcphntrfcbpaot.jpg,2
1,14,21,Men Solid Night Suit,306,Men_1592034980109.jpg,https://res.cloudinary.com/drzudfgzl/image/upload/v1596103657/f8rfolugwtvjsbrerlgk.jpg,5
1,14,21,Men Striped Night Suit,192,Men_1592034986255.jpg,https://res.cloudinary.com/drzudfgzl/image/upload/v1596103661/p490jswmaodlwh60orx2.jpg,3
1,22,5,Men Colourblocked Sweater,409,Men_1592035047590.jpg,https://res.cloudinary.com/drzudfgzl/image/upload/v1596103670/dldvtww62r2ps76o63qu.jpg,6
1,22,5,Men Colourblocked Pullover Sweater,160,Men_1592035048744.jpg,https://res.cloudinary.com/drzudfgzl/image/upload/v1596103672/pmfrnxabbz1a0sqnzvvl.jpg,3
1,22,12,Men Zipped Cardigan,158,Men_1592035050973.jpg,https://res.cloudinary.com/drzudfgzl/image/upload/v1596103673/dcld0qdsbkb5wvt8xyta.jpg,3
1,22,5,Men Solid Pullover,450,Men_1592035055051.jpg,https://res.cloudinary.com/drzudfgzl/image/upload/v1596103677/iuefxd0owhxf6pqb5m1a.jpg,6
1,22,21,Men Self Design Sweater,402,Men_1592035058449.jpg,https://res.cloudinary.com/drzudfgzl/image/upload/v1596103684/okhytoml8clihmfjmblv.jpg,6
1,22,5,Men Self Design Pullover Sweater,403,Men_1592035060724.jpg,https://res.cloudinary.com/drzudfgzl/image/upload/v1596103685/pz1alos2nhpnjoocb7ud.jpg,6
1,22,5,Men Solid Pullover Sweater,341,Men_1592035062338.jpg,https://res.cloudinary.com/drzudfgzl/image/upload/v1596103685/bc05k2vvuj2hmrgbgno2.jpg,5
1,22,5,Colourblock Cardigan,242,Men_1592035065005.jpg,https://res.cloudinary.com/drzudfgzl/image/upload/v1596103686/ybzm3ybfzeyxsjqlol8e.jpg,4
1,22,5,Men Self Design Pullover,422,Men_1592035066637.jpg,https://res.cloudinary.com/drzudfgzl/image/upload/v1596103688/dhztvlcnkeya6fvfvgsn.jpg,6
1,22,12,Men Zip-Up Cardigan,344,Men_1592035068368.jpg,https://res.cloudinary.com/drzudfgzl/image/upload/v1596103691/o2inzr7g97caozqdedku.jpg,5
1,22,5,Men Solid Sweater,324,Men_1592035070564.jpg,https://res.cloudinary.com/drzudfgzl/image/upload/v1596103694/ywr5h2dhnbbjbayfyphk.jpg,5
1,22,21,Men Striped Sweater,371,Men_1592035072274.jpg,https://res.cloudinary.com/drzudfgzl/image/upload/v1596103709/duvjaiz0gyojgtqdvf0v.jpg,5
1,22,5,Men Colourblocked Sweater,92,Men_1592035074117.jpg,https://res.cloudinary.com/drzudfgzl/image/upload/v1596103718/jx3eav0gzxrpl11y1qxp.jpg,2
1,22,5,Men Printed Sweater,367,Men_1592035081895.jpg,https://res.cloudinary.com/drzudfgzl/image/upload/v1596103746/s58ta1ejsjfveb5baf3i.jpg,5
1,11,5,Men Regular Fit Chinos,19,Men_1592035132273.jpg,https://res.cloudinary.com/drzudfgzl/image/upload/v1596103753/lpkl97asu6xguxsmtns6.jpg,1
1,11,34,Men Slim Fit Chinos,143,Men_1592035135655.jpg,https://res.cloudinary.com/drzudfgzl/image/upload/v1596103760/fkx7yfbxbo58kgx4dhu3.jpg,3
1,11,5,Men Slim Fit Joggers,28,Men_1592035137901.jpg,https://res.cloudinary.com/drzudfgzl/image/upload/v1596103803/dhfzqnt4cwqwlmyqnsr7.jpg,1
1,11,5,Men Regular Fit Chinos,10,Men_1592035140126.jpg,https://res.cloudinary.com/drzudfgzl/image/upload/v1596103812/kjszeubp8lqcjwunye45.jpg,1
1,11,34,Men Slim Fit Chinos,243,Men_1592035141220.jpg,https://res.cloudinary.com/drzudfgzl/image/upload/v1596103814/aid0wckov2aing5ipslm.jpg,4
1,11,12,Men Linen-Blend Cargo Trousers,328,Men_1592035142337.jpg,https://res.cloudinary.com/drzudfgzl/image/upload/v1596103844/btzeeb1gqexinz1duuem.jpg,5
1,11,12,Men Suit Trousers Skinny Fit,296,Men_1592035144058.jpg,https://res.cloudinary.com/drzudfgzl/image/upload/v1596103858/m235q642cmphp0btvxvj.jpg,4
1,11,5,Men Regular Fit Chinos,117,Men_1592035154603.jpg,https://res.cloudinary.com/drzudfgzl/image/upload/v1596103896/qjfj598civoy8rfilrgh.jpg,3
4,30,5,Shoulder Bag,382,Essentials_1592035778238.jpg,https://res.cloudinary.com/drzudfgzl/image/upload/v1596104331/fkcujpdbckwl9zwpgltf.jpg,5
4,30,2,Solid Tote Bag,196,Essentials_1592035779798.jpg,https://res.cloudinary.com/drzudfgzl/image/upload/v1596104332/osdurhqz3oepixiwe63n.jpg,3
4,30,22,Shoulder Bag,12,Essentials_1592035781412.jpg,https://res.cloudinary.com/drzudfgzl/image/upload/v1596104333/qnfafdsmexvas2smxlmp.jpg,1
4,30,2,Solid Shoulder Bag,108,Essentials_1592035783153.jpg,https://res.cloudinary.com/drzudfgzl/image/upload/v1596104333/rfmsqe1qx6pncnyetutb.jpg,3
4,30,2,Solid Shoulder Bag,312,Essentials_1592035788116.jpg,https://res.cloudinary.com/drzudfgzl/image/upload/v1596104336/hhvcngmfkdrpwkji7njz.jpg,5
4,30,2,Solid Shoulder Bag,427,Essentials_1592035793905.jpg,https://res.cloudinary.com/drzudfgzl/image/upload/v1596104338/qybfkxnz5oen0md6rkml.jpg,6
4,30,22,Sling Bag,374,Essentials_1592035802401.jpg,https://res.cloudinary.com/drzudfgzl/image/upload/v1596104343/qvalof4mt9taus6v6iwc.jpg,5
4,30,4,Tote Bag,496,Essentials_1592035804129.jpg,https://res.cloudinary.com/drzudfgzl/image/upload/v1596104344/ubswhzrtbllcd9zptily.jpg,6
4,30,5,Solid Hobo Bag,128,Essentials_1592035805785.jpg,https://res.cloudinary.com/drzudfgzl/image/upload/v1596104345/ijrytnbynmmmaohbv4ao.jpg,3
4,30,2,Self-Design Handheld Bag,279,Essentials_1592035807570.jpg,https://res.cloudinary.com/drzudfgzl/image/upload/v1596104346/nd4wtaf4afw34sxolmzw.jpg,4
4,32,5,Men Analogue and Digital Watch,413,Essentials_1592035952115.jpg,https://res.cloudinary.com/drzudfgzl/image/upload/v1596104375/samdxukrabpiq6dukja1.jpg,6
4,32,22,Women Analogue Watch,204,Essentials_1592035954925.jpg,https://res.cloudinary.com/drzudfgzl/image/upload/v1596104377/c0avbdl2pc8gck9xth1h.jpg,4
4,32,22,Women Analogue Watch,342,Essentials_1592035962255.jpg,https://res.cloudinary.com/drzudfgzl/image/upload/v1596104382/ppklkjtuzlgcaixwjgge.jpg,5
4,32,5,Men Analogue and Digital Watch,367,Essentials_1592035965632.jpg,https://res.cloudinary.com/drzudfgzl/image/upload/v1596104383/mwfnobhmyemwbfdnfsyy.jpg,5
4,33,4,Men Solid Belt,134,Essentials_1592036015195.jpg,https://res.cloudinary.com/drzudfgzl/image/upload/v1596104386/mhwaaquycvcvxpmpa1xg.jpg,3
4,33,12,Women Belt With Metal Buckle,113,Essentials_1592036016895.jpg,https://res.cloudinary.com/drzudfgzl/image/upload/v1596104387/maojjdfgjqu1uvno5dbg.jpg,3
4,33,5,Men Solid Leather Belt,68,Essentials_1592036045098.jpg,https://res.cloudinary.com/drzudfgzl/image/upload/v1596104398/ieml5bd4kqsatdkflkhe.jpg,2
4,34,66,Unisex Phase Backpack,436,Essentials_1592036098960.jpg,https://res.cloudinary.com/drzudfgzl/image/upload/v1596104402/wow65l7y7br1fuyyizdp.jpg,6
4,34,22,Women Solid Backpack,326,Essentials_1592036115507.jpg,https://res.cloudinary.com/drzudfgzl/image/upload/v1596104411/lxrnssmancwxyhf0po4g.jpg,5
4,34,3,Unisex Elemental Backpack,369,Essentials_1592036126812.jpg,https://res.cloudinary.com/drzudfgzl/image/upload/v1596104416/hp8nfzipsptohxye2p5i.jpg,5
4,35,2,Women Oval Sunglasses,47,Essentials_1592036198497.jpg,https://res.cloudinary.com/drzudfgzl/image/upload/v1596104429/u6pjg9yosb0owqjgk5lu.jpg,1
4,35,4,Unisex Wayfarer Sunglasses,376,Essentials_1592036200214.jpg,https://res.cloudinary.com/drzudfgzl/image/upload/v1596104430/tc42c83fgb4opyodesxi.jpg,5
4,35,4,Unisex Round Sunglasses,144,Essentials_1592036206376.jpg,https://res.cloudinary.com/drzudfgzl/image/upload/v1596104434/pdbjqyplwnnf8cwqf0xa.jpg,3
4,35,4,Unisex Oval Sunglasses,248,Essentials_1592036208118.jpg,https://res.cloudinary.com/drzudfgzl/image/upload/v1596104435/sqspojge5txrgoyqwl5k.jpg,4
6,19,46,Boys Regular Fit Casual Shirt,115,Boys_1592075439766.jpg,https://res.cloudinary.com/drzudfgzl/image/upload/v1596104461/fsgxvnry08sqxplwm2tc.jpg,3
6,19,12,Boys Easy-Iron Shirt,105,Boys_1592075460101.jpg,https://res.cloudinary.com/drzudfgzl/image/upload/v1596104471/bwd16r53pz536aizhr0t.jpg,3
6,16,12,Boys Printed hooded top,204,Boys_1592075496761.jpg,https://res.cloudinary.com/drzudfgzl/image/upload/v1596104474/xpqvyqkmvadnrau6eknu.jpg,4
6,16,12,Boys Hooded Jumper,384,Boys_1592075498977.jpg,https://res.cloudinary.com/drzudfgzl/image/upload/v1596104474/h22wnlgij7usaabuykvc.jpg,5
6,16,33,Boys Colourblocked Sweatshirt,150,Boys_1592075502633.jpg,https://res.cloudinary.com/drzudfgzl/image/upload/v1596104476/gp7webphvfhx3s670mjv.jpg,3
6,16,12,Boys Cotton Sweatshirt,60,Boys_1592075504548.jpg,https://res.cloudinary.com/drzudfgzl/image/upload/v1596104477/qusuem4srpwmgl0wkcfz.jpg,2
6,16,21,Boys Hooded Sweatshirt,194,Boys_1592075506283.jpg,https://res.cloudinary.com/drzudfgzl/image/upload/v1596104478/fmyfqolggh44dazugbm5.jpg,3
6,16,12,Printed Appliqud Sweatshirt,107,Boys_1592075514371.jpg,https://res.cloudinary.com/drzudfgzl/image/upload/v1596104481/cvhvfqpp2ljfmfga520h.jpg,3
6,16,21,Boys Printed Sweatshirt,81,Boys_1592075519891.jpg,https://res.cloudinary.com/drzudfgzl/image/upload/v1596104484/rxrrwse9ydbl0zkzwkgc.jpg,2
6,16,12,Boys Waffled Top,234,Boys_1592075521647.jpg,https://res.cloudinary.com/drzudfgzl/image/upload/v1596104485/btfnzprkpciy6iqop8zn.jpg,4
4,6,18,HRX by Hrithik Roshan,Boys U-17, Lifestyle Shorts,84,Boys_1592075571926.jpg,https://res.cloudinary.com/drzudfgzl/image/upload/v1596104492/jcxgqvmeheczzf5q50ph.jpg,2
6,18,12,Boys Solid 2-Pack Chino Shorts,403,Boys_1592075579196.jpg,https://res.cloudinary.com/drzudfgzl/image/upload/v1596104495/wupsedmqfzi9mdqneoox.jpg,6
6,7,12,Boys Super Soft Denim Joggers,499,Boys_1592075620035.jpg,https://res.cloudinary.com/drzudfgzl/image/upload/v1596104498/fx93ttfadxakfx2hkekh.jpg,6
6,7,70,Boys Slim Fit Jeans,258,Boys_1592075630494.jpg,https://res.cloudinary.com/drzudfgzl/image/upload/v1596104502/iak3v0hsrekxutswxzpe.jpg,4
6,7,21,Boys Super Skinny Fit Jeans,36,Boys_1592075634289.jpg,https://res.cloudinary.com/drzudfgzl/image/upload/v1596104505/ebkmsowau5of9is8z7xd.jpg,1
6,7,12,Boys Twill Pull-On Trousers,121,Boys_1592075643709.jpg,https://res.cloudinary.com/drzudfgzl/image/upload/v1596104510/duzlmhcvrgcsuwfkcsjw.jpg,3
6,7,46,Boys Regular Fit Jeans,20,Boys_1592075648111.jpg,https://res.cloudinary.com/drzudfgzl/image/upload/v1596104511/szfhph4q6glvzbzzqwy4.jpg,1
6,7,12,Comfort Stretch Slim Fit Jeans,439,Boys_1592075655584.jpg,https://res.cloudinary.com/drzudfgzl/image/upload/v1596104515/m5ip4dvrhenupzkgfulj.jpg,6
6,7,70,Boys Jogger Jeans,403,Boys_1592075657223.jpg,https://res.cloudinary.com/drzudfgzl/image/upload/v1596104516/f7h2gyppq2at7ruuhzvg.jpg,6
6,11,12,Boys 2-Pack Pull-On Trousers,399,Boys_1592075700782.jpg,https://res.cloudinary.com/drzudfgzl/image/upload/v1596104519/hzalyn8s4msrafsbvghr.jpg,5
6,11,12,Boys Cargo trousers,368,Boys_1592075705043.jpg,https://res.cloudinary.com/drzudfgzl/image/upload/v1596104521/zyddstd4luptj5h1gxsv.jpg,5
6,11,12,Boys Solid Pull-On Chinos,325,Boys_1592075706687.jpg,https://res.cloudinary.com/drzudfgzl/image/upload/v1596104522/lv5m0cpl9iwcdg0og8vs.jpg,5
6,11,46,Boys Regular Fit Regular Trousers,65,Boys_1592075708527.jpg,https://res.cloudinary.com/drzudfgzl/image/upload/v1596104522/osn8olfcygdqmkavpma3.jpg,2
6,11,12,Boys Loose Fit Pull-On Trouser,69,Boys_1592075710168.jpg,https://res.cloudinary.com/drzudfgzl/image/upload/v1596104523/abvvxh9obdwoxtwbldvd.jpg,2
6,11,12,Boys Cotton Jersey Joggers,370,Boys_1592075711801.jpg,https://res.cloudinary.com/drzudfgzl/image/upload/v1596104524/a2urqcjcy4qhlvmgas0m.jpg,5
6,9,66,Boys Colourblocked Sporty Jacket,87,Boys_1592075747620.jpg,https://res.cloudinary.com/drzudfgzl/image/upload/v1596104526/fxzf5iod85wcntoubepp.jpg,2
6,9,12,Boys Solid Hooded Padded Gilet,85,Boys_1592075753376.jpg,https://res.cloudinary.com/drzudfgzl/image/upload/v1596104528/peen3lj0olpbp3qbe5wi.jpg,2
6,9,12,Boys Striped Hooded Jacket,478,Boys_1592075756817.jpg,https://res.cloudinary.com/drzudfgzl/image/upload/v1596104530/mthxdsqaznpe7oslub8x.jpg,6
6,9,12,Kids Padded Jacket,387,Boys_1592075759111.jpg,https://res.cloudinary.com/drzudfgzl/image/upload/v1596104531/vob31uhjzcrtbyjqlmnr.jpg,5
6,9,21,Boys Solid Denim Jacket,496,Boys_1592075760859.jpg,https://res.cloudinary.com/drzudfgzl/image/upload/v1596104532/bsdc9bbutve1eiqqjpoa.jpg,6
6,9,12,Boys Solid Cotton Parka,371,Boys_1592075766584.jpg,https://res.cloudinary.com/drzudfgzl/image/upload/v1596104534/tad8f41l1i0w29ktnpfi.jpg,5
6,22,21,Boys Self-Design Pullover,402,Boys_1592075916812.jpg,https://res.cloudinary.com/drzudfgzl/image/upload/v1596104541/fndg5s7a2c5c8gda6bpg.jpg,6
6,22,12,Boys Fine-Knit Cotton Jumper,327,Boys_1592075917930.jpg,https://res.cloudinary.com/drzudfgzl/image/upload/v1596104541/duzshqepc4gk3m9c7abs.jpg,5
6,22,12,Printed Fine-knit Sweater,242,Boys_1592075921447.jpg,https://res.cloudinary.com/drzudfgzl/image/upload/v1596104543/y0r2pwl7rd4qeireta3g.jpg,4
6,22,70,Boys Printed Pullover Sweater,393,Boys_1592075922578.jpg,https://res.cloudinary.com/drzudfgzl/image/upload/v1596104544/tfdezeffbvkckrs4bx7k.jpg,5
6,22,12,Boys Cable-Knit Jumper,332,Boys_1592075924899.jpg,https://res.cloudinary.com/drzudfgzl/image/upload/v1596104545/xufoyrhiytmdllsfvtgx.jpg,5
6,22,12,Fine-Knit Cotton Jumper,304,Boys_1592075929368.jpg,https://res.cloudinary.com/drzudfgzl/image/upload/v1596104549/v916qxzqilom4a2f6fwb.jpg,5
6,22,12,Boys 2-Pack Cotton Cardigans,209,Boys_1592075933397.jpg,https://res.cloudinary.com/drzudfgzl/image/upload/v1596104550/nxplskmreaej4msa7zpw.jpg,4
5,2,45,Girls Printed Fit and Flare Dress,274,Girls_1592075985008.jpg,https://res.cloudinary.com/drzudfgzl/image/upload/v1596104555/vda1rh86i43lpyfpcfr2.jpg,4
5,2,33,Girls Ruffle A-Line Dress,331,Girls_1592075986752.jpg,https://res.cloudinary.com/drzudfgzl/image/upload/v1596104556/wxsmtcnn9om9h8e0lxh4.jpg,5
5,2,46,Girls Colourblocked Fit and Flare Dress,102,Girls_1592075989609.jpg,https://res.cloudinary.com/drzudfgzl/image/upload/v1596104558/ylhhshvxkrssdgye6t8k.jpg,3
5,2,12,Shimmering Dress,36,Girls_1592076001302.jpg,https://res.cloudinary.com/drzudfgzl/image/upload/v1596104564/paeyiqdaklhfz2kfirtg.jpg,1
5,2,33,Girls Printed A-Line Dress,223,Girls_1592076003034.jpg,https://res.cloudinary.com/drzudfgzl/image/upload/v1596104565/szdx5wc2wxmhpzgw106o.jpg,4
5,2,45,Girls Printed Fit and Flare Dress,172,Girls_1592076006515.jpg,https://res.cloudinary.com/drzudfgzl/image/upload/v1596104566/ou8nqblrikdfvmwnidy0.jpg,3
5,5,21,Girls Pack of 5 Bralette Tops,419,Girls_1592076052803.jpg,https://res.cloudinary.com/drzudfgzl/image/upload/v1596104570/zwchc4fkjxntyzvxzsmr.jpg,6
5,5,70,Girls Printed Top,419,Girls_1592076055611.jpg,https://res.cloudinary.com/drzudfgzl/image/upload/v1596104572/kvpfbdeclkcgszqrriqi.jpg,6
5,5,46,Girls Printed Knitted Top,219,Girls_1592076075023.jpg,https://res.cloudinary.com/drzudfgzl/image/upload/v1596104581/haassfkekhxrcysch5hv.jpg,4
5,5,12,Girls Flounce-Trimmed Blouse,103,Girls_1592076076658.jpg,https://res.cloudinary.com/drzudfgzl/image/upload/v1596104581/dwf8ddcrutpreeyybucl.jpg,3
5,5,12,3-Pack Jersey Vest Tops,249,Girls_1592076079934.jpg,https://res.cloudinary.com/drzudfgzl/image/upload/v1596104583/kvptaympkzhgv1mwnzlz.jpg,4
5,1,46,Girls Embroidered T-shirt,426,Girls_1592076137178.jpg,https://res.cloudinary.com/drzudfgzl/image/upload/v1596104591/b5dpznwsd93v2tgah8q1.jpg,6
5,1,46,Girls Round Neck T-shirt,291,Girls_1592076150707.jpg,https://res.cloudinary.com/drzudfgzl/image/upload/v1596104598/dr7f2xcjwv8qtdc9ygvr.jpg,4
5,16,33,Girls Hooded Sweatshirt,18,Girls_1592076207531.jpg,https://res.cloudinary.com/drzudfgzl/image/upload/v1596104604/pkr5jktvcciovjesbkjh.jpg,1
5,16,21,Girls Solid Sweatshirt,107,Girls_1592076215939.jpg,https://res.cloudinary.com/drzudfgzl/image/upload/v1596104609/gaj41ajhheqixuscje86.jpg,3
5,22,12,Girls Pointelle-Knit Cardigan,249,Girls_1592076265300.jpg,https://res.cloudinary.com/drzudfgzl/image/upload/v1596104613/aa7xvumj7c0syifdbxhm.jpg,4
5,22,12,Fine-Knit Cotton Cardigan,89,Girls_1592076267026.jpg,https://res.cloudinary.com/drzudfgzl/image/upload/v1596104614/vbfczkhaxioafvw4fmhj.jpg,2
5,22,12,Textured-Knit Jumper,364,Girls_1592076269275.jpg,https://res.cloudinary.com/drzudfgzl/image/upload/v1596104615/t7hvxfgzz3iifespmrud.jpg,5
5,22,12,Fine-Knit Cotton Cardigan,364,Girls_1592076270916.jpg,https://res.cloudinary.com/drzudfgzl/image/upload/v1596104616/hbnpbhnvs0ewavscuksg.jpg,5
5,22,70,Girls Solid Cardigan Sweater,74,Girls_1592076273107.jpg,https://res.cloudinary.com/drzudfgzl/image/upload/v1596104617/ln0cqueoutgxtuktpkls.jpg,2
5,22,12,Textured-Knit Cardigan,182,Girls_1592076275866.jpg,https://res.cloudinary.com/drzudfgzl/image/upload/v1596104617/avjdsesvc9ygyvypbudm.jpg,3
5,22,21,Girls Embelished Pullover,147,Girls_1592076277517.jpg,https://res.cloudinary.com/drzudfgzl/image/upload/v1596104618/mchrlhswyelxg7iqwnm9.jpg,3
5,22,33,Girls Self Design Pullover Sweater,70,Girls_1592076279518.jpg,https://res.cloudinary.com/drzudfgzl/image/upload/v1596104619/wphj9qjhhidayze38i4u.jpg,2
5,22,33,Girls Colourblocked Cardigan,124,Girls_1592076281463.jpg,https://res.cloudinary.com/drzudfgzl/image/upload/v1596104620/mag0tt6qmxzhlsdwwigh.jpg,3
5,22,12,Solid Fine-Knit Cardigan,340,Girls_1592076285956.jpg,https://res.cloudinary.com/drzudfgzl/image/upload/v1596104622/ish3xhouvfujnd9xo2s9.jpg,5
5,22,21,Girls Ribbed Striped Pullover,346,Girls_1592076292007.jpg,https://res.cloudinary.com/drzudfgzl/image/upload/v1596104624/p75w8w05sdam0phj57np.jpg,5
5,22,12,Girls Knitted Jumper,160,Girls_1592076293749.jpg,https://res.cloudinary.com/drzudfgzl/image/upload/v1596104625/o2n0djn1a3zctxwmfxne.jpg,3
5,22,33,Girls Solid Cardigan,396,Girls_1592076296308.jpg,https://res.cloudinary.com/drzudfgzl/image/upload/v1596104626/jdcctfvmgqw8yk0z1zxr.jpg,5
5,22,12,Girls Textured-Knit Jumper,482,Girls_1592076299179.jpg,https://res.cloudinary.com/drzudfgzl/image/upload/v1596104627/ov76zlg4thqtemwrxbbf.jpg,6
5,22,33,Girls Self Design Sweater,24,Girls_1592076303071.jpg,https://res.cloudinary.com/drzudfgzl/image/upload/v1596104629/rpyyi01wymtwgh3jqwiv.jpg,1
5,18,70,Girls Regular Fit Denim Shorts,41,Girls_1592076353049.jpg,https://res.cloudinary.com/drzudfgzl/image/upload/v1596104630/kqjifwk5ge5c3octvqmg.jpg,1
5,18,66,Regular Fit Sports Shorts,429,Girls_1592076360003.jpg,https://res.cloudinary.com/drzudfgzl/image/upload/v1596104633/z9vzauyobj7pohlkodyo.jpg,6
12,5,18,69,Girls Regular Fit Regular Shorts,157,Girls_1592076371679.jpg,https://res.cloudinary.com/drzudfgzl/image/upload/v1596104639/ivazatue0oorsqrzf0if.jpg,3
14,5,18,69,Girls Shorts,269,Girls_1592076375671.jpg,https://res.cloudinary.com/drzudfgzl/image/upload/v1596104641/nfv42qlflnrx4phdw62b.jpg,4
5,18,46,Girls Regular Fit Hot Pants,35,Girls_1592076380038.jpg,https://res.cloudinary.com/drzudfgzl/image/upload/v1596104643/r5jgdggphqvioagj4vy6.jpg,1
17,5,18,69,Girls Regular Fit Regular Shorts,390,Girls_1592076381713.jpg,https://res.cloudinary.com/drzudfgzl/image/upload/v1596104643/xwwnnaaylu9nozu4e2sv.jpg,5
5,18,12,Girls Twill shorts,325,Girls_1592076385427.jpg,https://res.cloudinary.com/drzudfgzl/image/upload/v1596104645/mgkg0cknwgaffqkl1qo7.jpg,5
5,7,70,Girls Skinny Fit Jeans,144,Girls_1592076437507.jpg,https://res.cloudinary.com/drzudfgzl/image/upload/v1596104647/rngewf0bc4nle81zxeq2.jpg,3
5,7,12,Skinny Fit Jeans,142,Girls_1592076440801.jpg,https://res.cloudinary.com/drzudfgzl/image/upload/v1596104649/wggpwnfdysuezz4zhmqo.jpg,3
5,7,21,Girls Super Skinny Fit Jeans,203,Girls_1592076450320.jpg,https://res.cloudinary.com/drzudfgzl/image/upload/v1596104653/abkn3bgdwbzctqjgmhfy.jpg,4
5,7,1,Girls Regular Fit Jeans,74,Girls_1592076458994.jpg,https://res.cloudinary.com/drzudfgzl/image/upload/v1596104657/z44nqlryr1pmvtrxi7yy.jpg,2
5,7,21,Girls Regular Fit Jeans,297,Girls_1592076462509.jpg,https://res.cloudinary.com/drzudfgzl/image/upload/v1596104658/onenwv1dxwnnautk8uxx.jpg,4
5,7,1,Girls Regular Fit Jeans,235,Girls_1592076468036.jpg,https://res.cloudinary.com/drzudfgzl/image/upload/v1596104661/jtsrlymga8zxvzj7dkqq.jpg,4
5,7,12,Infant Skinny Fit Jeans,288,Girls_1592076471931.jpg,https://res.cloudinary.com/drzudfgzl/image/upload/v1596104663/kflhrjpbe8hczszsp4k9.jpg,4
5,17,33,Girls Printed Clothing Set,47,Girls_1592076522002.jpg,https://res.cloudinary.com/drzudfgzl/image/upload/v1596104665/i7t6fk5quwccfffdaoxh.jpg,1
5,17,45,Girls Top with Printed Skirt,179,Girls_1592076523110.jpg,https://res.cloudinary.com/drzudfgzl/image/upload/v1596104665/i38tv4ontgydzqadmsrg.jpg,3
5,17,33,Girls Printed Clothing Set,177,Girls_1592076525997.jpg,https://res.cloudinary.com/drzudfgzl/image/upload/v1596104668/qza0aqzqi2e4664mhrwe.jpg,3
5,17,12,3-Piece Cotton Jersey Set,178,Girls_1592076527638.jpg,https://res.cloudinary.com/drzudfgzl/image/upload/v1596104668/a7q58om4p9kqrazhls61.jpg,3
5,17,33,Girls Printed Top with Shorts,439,Girls_1592076529376.jpg,https://res.cloudinary.com/drzudfgzl/image/upload/v1596104669/twqdjkn1wlubcqbzuvzr.jpg,6
5,17,46,Girls Printed T-shirt with Leggings,362,Girls_1592076531118.jpg,https://res.cloudinary.com/drzudfgzl/image/upload/v1596104670/bksuznu6ro6iylznmthz.jpg,5
5,17,45,Girls Striped Top with Trousers,272,Girls_1592076532758.jpg,https://res.cloudinary.com/drzudfgzl/image/upload/v1596104671/o5go2u7ws1ena9nlzdvl.jpg,4
5,17,12,Girls 2-Piece Clothing Set,275,Girls_1592076534498.jpg,https://res.cloudinary.com/drzudfgzl/image/upload/v1596104672/pk7lsuj2slr0p3mhb27s.jpg,4
5,17,47,Girls Solid Top with Skirt,339,Girls_1592076536135.jpg,https://res.cloudinary.com/drzudfgzl/image/upload/v1596104673/iakmxwrhhqyqjnxyt6gr.jpg,5
5,17,45,Girls Top with Printed Skirt,317,Girls_1592076537772.jpg,https://res.cloudinary.com/drzudfgzl/image/upload/v1596104674/m9d1ga22q0o4supsazpc.jpg,5
5,17,12,2-Piece Viscose Clothing Set,21,Girls_1592076541155.jpg,https://res.cloudinary.com/drzudfgzl/image/upload/v1596104677/adgptkcy5hr4mrgk7x1n.jpg,1
5,17,1,Infant Girls Clothing Set,154,Girls_1592076543099.jpg,https://res.cloudinary.com/drzudfgzl/image/upload/v1596104678/ynxygmmgjm22wq4neaeg.jpg,3
5,17,33,Girls Top with Denim Dungarees,490,Girls_1592076548630.jpg,https://res.cloudinary.com/drzudfgzl/image/upload/v1596104680/aqtgog584aqjgdo6kxr7.jpg,6
5,17,47,Girls Solid Top with Capris,95,Girls_1592076550268.jpg,https://res.cloudinary.com/drzudfgzl/image/upload/v1596104681/kmylzntubnadjkcuctre.jpg,2
5,15,41,Women Striped Kurti,435,Girls_1592076586768.jpg,https://res.cloudinary.com/drzudfgzl/image/upload/v1596104683/w0dygha7fdaavvh3ugz4.jpg,6
5,15,44,Girls Colourblocked Kurti,352,Girls_1592076588664.jpg,https://res.cloudinary.com/drzudfgzl/image/upload/v1596104684/q5iaxkk7bfimdxnrpjlw.jpg,5
5,15,41,Girls Straight Kurti,98,Girls_1592076590409.jpg,https://res.cloudinary.com/drzudfgzl/image/upload/v1596104685/fgf7u8naskh4diar2qdv.jpg,2
5,15,1,Girls Printed Straight Jaipuri Kurti,87,Girls_1592076592150.jpg,https://res.cloudinary.com/drzudfgzl/image/upload/v1596104685/tirgx3rixjzyy73y2wum.jpg,2
5,15,43,Girls Printed Straight Jaipuri Kurti,488,Girls_1592076593989.jpg,https://res.cloudinary.com/drzudfgzl/image/upload/v1596104686/wbolq0rm2fm52mtm25tv.jpg,6
5,15,42,Girls Printed Tunic,11,Girls_1592076595732.jpg,https://res.cloudinary.com/drzudfgzl/image/upload/v1596104687/wcxjvdkqhx3djs0jlszx.jpg,1
5,15,43,Girls Printed Straight Jaipuri Kurti,393,Girls_1592076597524.jpg,https://res.cloudinary.com/drzudfgzl/image/upload/v1596104688/zybhtzjsuzuw85ubdrog.jpg,5
5,15,41,Girls Straight Kurti,31,Girls_1592076599247.jpg,https://res.cloudinary.com/drzudfgzl/image/upload/v1596104689/xm9bninibjerfxdtk51z.jpg,1
5,15,1,Girls Straight Kurti,477,Girls_1592076601058.jpg,https://res.cloudinary.com/drzudfgzl/image/upload/v1596104690/ugx4izydffady0yxkvlz.jpg,6
5,15,42,Girls Kurti,54,Girls_1592076602797.jpg,https://res.cloudinary.com/drzudfgzl/image/upload/v1596104691/iwh1ahtveq7lgt2t2xek.jpg,2
5,15,41,Girls Straight Kurti,213,Girls_1592076604439.jpg,https://res.cloudinary.com/drzudfgzl/image/upload/v1596104692/ecfv7iuuiaqfh0wpsxlt.jpg,4
5,15,41,Girls Straight Kurti,79,Girls_1592076606073.jpg,https://res.cloudinary.com/drzudfgzl/image/upload/v1596104693/szhyyxwxjzqeyblwxjjs.jpg,2
5,15,42,Girls Kurti,85,Girls_1592076607818.jpg,https://res.cloudinary.com/drzudfgzl/image/upload/v1596104693/uviyucdcwscnbyyeomlp.jpg,2
5,15,41,Girls Straight Kurti,352,Girls_1592076609965.jpg,https://res.cloudinary.com/drzudfgzl/image/upload/v1596104694/s5twwmarqk0bgvswwqr9.jpg,5
5,15,41,Girls Straight Kurti,414,Girls_1592076611708.jpg,https://res.cloudinary.com/drzudfgzl/image/upload/v1596104695/xzmgdghrz7d6tiahikro.jpg,6
